{
    "model_name": "localized",
    "N": 100,
    "c": 3,
    "mu": 0.0,
    "sigma": 0.1,
    "b0": 0.5,
    "b1": 0.5,
    "tauA": 0.002,
    "tauY": 0.002,
    "num_trials": 10,
    "num_delta": 50,
    "num_input": 50,
    "max_delta": 5.0,
    "max_input": 5.0,
    "delta_range": [
        0.0,
        0.10204081632653061,
        0.20408163265306123,
        0.30612244897959184,
        0.40816326530612246,
        0.5102040816326531,
        0.6122448979591837,
        0.7142857142857143,
        0.8163265306122449,
        0.9183673469387755,
        1.0204081632653061,
        1.1224489795918369,
        1.2244897959183674,
        1.3265306122448979,
        1.4285714285714286,
        1.5306122448979593,
        1.6326530612244898,
        1.7346938775510203,
        1.836734693877551,
        1.9387755102040818,
        2.0408163265306123,
        2.142857142857143,
        2.2448979591836737,
        2.3469387755102042,
        2.4489795918367347,
        2.5510204081632653,
        2.6530612244897958,
        2.7551020408163267,
        2.857142857142857,
        2.9591836734693877,
        3.0612244897959187,
        3.163265306122449,
        3.2653061224489797,
        3.36734693877551,
        3.4693877551020407,
        3.5714285714285716,
        3.673469387755102,
        3.7755102040816326,
        3.8775510204081636,
        3.979591836734694,
        4.081632653061225,
        4.183673469387755,
        4.285714285714286,
        4.387755102040816,
        4.4897959183673475,
        4.591836734693878,
        4.6938775510204085,
        4.795918367346939,
        4.8979591836734695,
        5.0
    ],
    "input_range": [
        0.01,
        0.11183673469387755,
        0.2136734693877551,
        0.31551020408163266,
        0.4173469387755102,
        0.5191836734693878,
        0.6210204081632653,
        0.7228571428571429,
        0.8246938775510204,
        0.926530612244898,
        1.0283673469387755,
        1.130204081632653,
        1.2320408163265306,
        1.3338775510204082,
        1.4357142857142857,
        1.5375510204081633,
        1.6393877551020408,
        1.7412244897959184,
        1.843061224489796,
        1.9448979591836735,
        2.046734693877551,
        2.1485714285714286,
        2.250408163265306,
        2.3522448979591832,
        2.454081632653061,
        2.555918367346939,
        2.657755102040816,
        2.7595918367346934,
        2.861428571428571,
        2.963265306122449,
        3.0651020408163263,
        3.1669387755102036,
        3.2687755102040814,
        3.370612244897959,
        3.4724489795918365,
        3.574285714285714,
        3.6761224489795916,
        3.7779591836734694,
        3.8797959183673467,
        3.981632653061224,
        4.083469387755102,
        4.18530612244898,
        4.287142857142857,
        4.388979591836734,
        4.490816326530612,
        4.59265306122449,
        4.694489795918367,
        4.7963265306122445,
        4.898163265306122,
        5.0
    ],
    "num_tasks": 10
}